{
  "IsEncrypted": false,
  "Values": {
    "AzureWebJobsStorage": "DefaultEndpointsProtocol=https;EndpointSuffix=core.windows.net;AccountName=sonicscyber;AccountKey=ihY2XfCXNMHPfDLO3HLeOPp0QfmfxGl5W8vs3egz8ds8lmsnzWL0210smxZh/fynF0OH0fEpJOPY+AStbsF6iA==",
    "FUNCTIONS_WORKER_RUNTIME": "python",
    "AzureWebJobsFeatureFlags": "EnableWorkerIndexing",
    "sonicscyber_STORAGE": "DefaultEndpointsProtocol=https;EndpointSuffix=core.windows.net;AccountName=sonicscyber;AccountKey=ihY2XfCXNMHPfDLO3HLeOPp0QfmfxGl5W8vs3egz8ds8lmsnzWL0210smxZh/fynF0OH0fEpJOPY+AStbsF6iA==;BlobEndpoint=https://sonicscyber.blob.core.windows.net/;FileEndpoint=https://sonicscyber.file.core.windows.net/;QueueEndpoint=https://sonicscyber.queue.core.windows.net/;TableEndpoint=https://sonicscyber.table.core.windows.net/",
    "AzureWebJobs.blob_trigger.Disabled": "false"
  }
}